,File,SD_Prediction,CXR_Age
0,B.png,0.2349092,64.235855
1,E.png,0.098767705,57.963455
2,A.png,0.26160613,69.01955
3,C.png,0.25370908,56.08687
4,D.png,0.22827302,63.024826
